{"cameraMode":{"drawMode":0,"name":"Shaded","section":"Shading Mode"},"sceneLighting":true,"audioPlay":false,"sceneViewState":{"showFog":false,"showMaterialUpdate":false,"showSkybox":false,"showFlares":false,"showImageEffects":false,"showParticleSystems":false},"in2DMode":false,"pivot":{"x":6.558940410614014,"y":-0.2923297882080078,"z":18.19170379638672},"rotation":{"x":-0.11954081803560257,"y":-0.7687082886695862,"z":0.15063989162445069,"w":-0.610004186630249},"size":15.902206420898438,"orthographic":false}