{"cameraMode":{"drawMode":0,"name":"Shaded","section":"Shading Mode"},"sceneLighting":true,"audioPlay":false,"sceneViewState":{"showFog":false,"showMaterialUpdate":false,"showSkybox":false,"showFlares":false,"showImageEffects":false,"showParticleSystems":false},"in2DMode":false,"pivot":{"x":17.40322494506836,"y":-1.2172985076904297,"z":28.061479568481447},"rotation":{"x":-0.19376344978809358,"y":-0.7942359447479248,"z":0.3225923478603363,"w":-0.47705262899398806},"size":32.85304260253906,"orthographic":false}