{"cameraMode":{"drawMode":0,"name":"Shaded","section":"Shading Mode"},"sceneLighting":true,"audioPlay":false,"sceneViewState":{"showFog":false,"showMaterialUpdate":false,"showSkybox":false,"showFlares":false,"showImageEffects":false,"showParticleSystems":false},"in2DMode":false,"pivot":{"x":6.405970573425293,"y":2.2861328125,"z":22.09394645690918},"rotation":{"x":-0.34223517775535586,"y":-0.10539849102497101,"z":0.03866526857018471,"w":-0.9328833222389221},"size":8.414655685424805,"orthographic":false}