{"cameraMode":{"drawMode":0,"name":"Shaded","section":"Shading Mode"},"sceneLighting":true,"audioPlay":false,"sceneViewState":{"showFog":false,"showMaterialUpdate":false,"showSkybox":false,"showFlares":false,"showImageEffects":false,"showParticleSystems":false},"in2DMode":false,"pivot":{"x":18.319583892822267,"y":2.3242974281311037,"z":27.549266815185548},"rotation":{"x":0.018919413909316064,"y":-0.9730013012886047,"z":0.0863477811217308,"w":0.21320095658302308},"size":2.8578836917877199,"orthographic":false}