{"cameraMode":{"drawMode":0,"name":"Shaded","section":"Shading Mode"},"sceneLighting":true,"audioPlay":false,"sceneViewState":{"showFog":false,"showMaterialUpdate":false,"showSkybox":false,"showFlares":false,"showImageEffects":false,"showParticleSystems":false},"in2DMode":false,"pivot":{"x":11.543267250061036,"y":1.9240750074386597,"z":6.74018669128418},"rotation":{"x":0.0048836306668818,"y":-0.8404026627540588,"z":0.007575850002467632,"w":0.5418875217437744},"size":17.006893157958986,"orthographic":false}