{"cameraMode":{"drawMode":0,"name":"Shaded","section":"Shading Mode"},"sceneLighting":true,"audioPlay":false,"sceneViewState":{"showFog":false,"showMaterialUpdate":false,"showSkybox":false,"showFlares":false,"showImageEffects":false,"showParticleSystems":false},"in2DMode":false,"pivot":{"x":2.4704911708831789,"y":1.3772422075271607,"z":12.6428804397583},"rotation":{"x":0.009040764532983303,"y":-0.9739301800727844,"z":-0.03945285454392433,"w":-0.22320805490016938},"size":2.8472371101379396,"orthographic":false}