{"cameraMode":{"drawMode":0,"name":"Shaded","section":"Shading Mode"},"sceneLighting":true,"audioPlay":false,"sceneViewState":{"showFog":false,"showMaterialUpdate":false,"showSkybox":false,"showFlares":false,"showImageEffects":false,"showParticleSystems":false},"in2DMode":false,"pivot":{"x":8.328874588012696,"y":1.9180028438568116,"z":5.888701438903809},"rotation":{"x":-0.19376344978809358,"y":-0.7942359447479248,"z":0.3225923478603363,"w":-0.47705262899398806},"size":18.9046688079834,"orthographic":false}