{"cameraMode":{"drawMode":0,"name":"Shaded","section":"Shading Mode"},"sceneLighting":true,"audioPlay":false,"sceneViewState":{"showFog":false,"showMaterialUpdate":false,"showSkybox":false,"showFlares":false,"showImageEffects":false,"showParticleSystems":false},"in2DMode":false,"pivot":{"x":10.579734802246094,"y":1.3006398677825928,"z":3.986107587814331},"rotation":{"x":-0.013165154494345189,"y":-0.9558514952659607,"z":0.04334050044417381,"w":-0.29033833742141726},"size":9.742232322692871,"orthographic":false}