{"cameraMode":{"drawMode":0,"name":"Shaded","section":"Shading Mode"},"sceneLighting":true,"audioPlay":false,"sceneViewState":{"showFog":false,"showMaterialUpdate":false,"showSkybox":false,"showFlares":false,"showImageEffects":false,"showParticleSystems":false},"in2DMode":false,"pivot":{"x":5.139999866485596,"y":0.0,"z":22.530000686645509},"rotation":{"x":-0.5054259300231934,"y":0.024581031873822213,"z":-0.014407312497496605,"w":-0.8623995184898377},"size":13.971833229064942,"orthographic":false}