{"cameraMode":{"drawMode":0,"name":"Shaded","section":"Shading Mode"},"sceneLighting":true,"audioPlay":false,"sceneViewState":{"showFog":false,"showMaterialUpdate":false,"showSkybox":false,"showFlares":false,"showImageEffects":false,"showParticleSystems":false},"in2DMode":false,"pivot":{"x":11.531906127929688,"y":1.1450706720352173,"z":2.563356876373291},"rotation":{"x":-0.013165154494345189,"y":-0.9558514952659607,"z":0.04334050044417381,"w":-0.29033833742141726},"size":4.802763938903809,"orthographic":false}