{"cameraMode":{"drawMode":0,"name":"Shaded","section":"Shading Mode"},"sceneLighting":true,"audioPlay":false,"sceneViewState":{"showFog":false,"showMaterialUpdate":false,"showSkybox":false,"showFlares":false,"showImageEffects":false,"showParticleSystems":false},"in2DMode":false,"pivot":{"x":23.861812591552736,"y":4.883643627166748,"z":9.378931999206543},"rotation":{"x":0.04926426336169243,"y":-0.7072747945785523,"z":0.04953122138977051,"w":0.7034785747528076},"size":232.2041015625,"orthographic":false}