{"cameraMode":{"drawMode":0,"name":"Shaded","section":"Shading Mode"},"sceneLighting":true,"audioPlay":false,"sceneViewState":{"showFog":false,"showMaterialUpdate":false,"showSkybox":false,"showFlares":false,"showImageEffects":false,"showParticleSystems":false},"in2DMode":false,"pivot":{"x":8.430734634399414,"y":-0.18248748779296876,"z":18.01675033569336},"rotation":{"x":-0.34701114892959597,"y":0.14822667837142945,"z":-0.05564392730593681,"w":-0.924400269985199},"size":9.756341934204102,"orthographic":false}