{"cameraMode":{"drawMode":0,"name":"Shaded","section":"Shading Mode"},"sceneLighting":false,"audioPlay":false,"sceneViewState":{"showFog":false,"showMaterialUpdate":false,"showSkybox":false,"showFlares":false,"showImageEffects":false,"showParticleSystems":false},"in2DMode":false,"pivot":{"x":11.543267250061036,"y":1.9240750074386597,"z":0.660186767578125},"rotation":{"x":-0.013165154494345189,"y":-0.9558514952659607,"z":0.04334050044417381,"w":-0.29033833742141726},"size":17.006893157958986,"orthographic":false}