{"cameraMode":{"drawMode":0,"name":"Shaded","section":"Shading Mode"},"sceneLighting":true,"audioPlay":false,"sceneViewState":{"showFog":false,"showMaterialUpdate":false,"showSkybox":false,"showFlares":false,"showImageEffects":false,"showParticleSystems":false},"in2DMode":false,"pivot":{"x":35.71326446533203,"y":6.704074859619141,"z":6.74018669128418},"rotation":{"x":0.5503499507904053,"y":-0.016770295798778535,"z":0.011058253236114979,"w":0.8346924185752869},"size":20.75002670288086,"orthographic":false}