{"cameraMode":{"drawMode":0,"name":"Shaded","section":"Shading Mode"},"sceneLighting":true,"audioPlay":false,"sceneViewState":{"showFog":false,"showMaterialUpdate":false,"showSkybox":false,"showFlares":false,"showImageEffects":false,"showParticleSystems":false},"in2DMode":false,"pivot":{"x":7.389184951782227,"y":1.0423351526260377,"z":2.9141392707824709},"rotation":{"x":-0.2043711394071579,"y":-0.4615413546562195,"z":0.11016739904880524,"w":-0.8561981320381165},"size":2.5369598865509035,"orthographic":false}