{"cameraMode":{"drawMode":0,"name":"Shaded","section":"Shading Mode"},"sceneLighting":true,"audioPlay":false,"sceneViewState":{"showFog":false,"showMaterialUpdate":false,"showSkybox":false,"showFlares":false,"showImageEffects":false,"showParticleSystems":false},"in2DMode":false,"pivot":{"x":8.426399230957032,"y":0.9894600510597229,"z":3.423549175262451},"rotation":{"x":0.011151205748319626,"y":0.9858081340789795,"z":-0.15081726014614106,"w":0.07288488000631333},"size":0.9086210131645203,"orthographic":false}