{"cameraMode":{"drawMode":0,"name":"Shaded","section":"Shading Mode"},"sceneLighting":true,"audioPlay":false,"sceneViewState":{"showFog":false,"showMaterialUpdate":false,"showSkybox":false,"showFlares":false,"showImageEffects":false,"showParticleSystems":false},"in2DMode":false,"pivot":{"x":5.8180131912231449,"y":1.7370433807373047,"z":9.866588592529297},"rotation":{"x":-0.1548731029033661,"y":-0.30904775857925417,"z":0.05108318105340004,"w":-0.9369601607322693},"size":2.5083534717559816,"orthographic":false}